name,mana_cost,cmc,type_line,oracle_text,loyalty,power,toughness,colours__001,colorus__002,colours__003,egalities__standard,legalities__pauper,set,collector_number,rarity,flavour_text,artist
Abnormal Endurance,"{1},{B}",2,Instant,"Until end of turn, target creature gets +2/+0 and gains ""When this creature dies, return it to the battlefield tapped under its owner's control.""",,,,B,,,legal,legal,m19,85,common,Tenacity prevails when hopes die.,Tomasz Jedruszek
Act of Treason,"{2},{R}",3,Sorcery,Gain control of target creature until end of turn. Untap that creature. It gains haste until end of turn.,,,,R,,,legal,legal,m19,127,common,She learned a tragic lesson that day: even the purest can be corrupted when the heart's emotions are twisted.,Eric Deschamps
Aegis of the Heavens,"{1},{W}",2,Instant,Target creature gets +1/+7 until end of turn.,,,,W,,,legal,not_legal,m19,1,uncommon,Inner strength is never seen until it makes all the difference.,Anthony Palumbo
Aerial Engineer,"{2},{W},{U}",4,Creature ? Human Artificer,"As long as you control an artifact, Aerial Engineer gets +2/+0 and has flying.",,2,4,U,W,,legal,not_legal,m19,211,uncommon,"The best of their trade know every bolt of their rigs, stem to stern.",Zoltan Boros
Aethershield Artificer,"{3},{W}",4,Creature ? Dwarf Artificer,"At the beginning of combat on your turn, target artifact creature you control gets +2/+2 and gains indestructible until end of turn. (Damage and effects that say ""destroy"" don't destroy it.)",,3,3,W,,,legal,not_legal,m19,2,uncommon,"Most smiths shape metal, but some prefer more delicate materials.",Izzy
Aether Tunnel,"{1},{U}",2,Enchantment ? Aura,Enchant creature\nEnchanted creature gets +1/+0 and can't be blocked.,,,,U,,,legal,not_legal,m19,43,uncommon,"If you can't find a doorway, make one.",Lucas Graciano
Aggressive Mammoth,"{3},{G},{G},{G}",6,Creature ? Elephant,Trample (This creature can deal excess combat damage to the player or planeswalker it's attacking.)\nOther creatures you control have trample.,,8,8,G,,,legal,not_legal,m19,302,rare,"""Approach from behind. That way, if it does charge, at least you aren't in front of it.""\n?Vivien Reid",Filip Burburan
Air Elemental,"{3},{U},{U}",5,Creature ? Elemental,Flying (This creature can't be blocked except by creatures with flying or reach.),,4,4,U,,,legal,not_legal,m19,308,uncommon,"As the ship approached, the jade totem rose high overhead. Power rippled. Eyes of stone glowed and crackled. Out hissed a breath of the world, and a windstorm came alive.",Tomasz Jedruszek
"Ajani, Adversary of Tyrants","{2},{W},{W}",4,Legendary Planeswalker ? Ajani,"+1: Put a +1/+1 counter on each of up to two target creatures.\n?2: Return target creature card with converted mana cost 2 or less from your graveyard to the battlefield.\n?7: You get an emblem with ""At the beginning of your end step, create three 1/1 white Cat creature tokens with lifelink.""",4,,,W,,,legal,not_legal,m19,3,mythic,,Victor Adame Minguez
Ajani's Influence,"{2},{W},{W}",4,Sorcery,Put two +1/+1 counters on target creature.\nLook at the top five cards of your library. You may reveal a white card from among them and put it into your hand. Put the rest on the bottom of your library in a random order.,,,,W,,,legal,not_legal,m19,282,rare,,Sidharth Chaturvedi
Ajani's Last Stand,"{2},{W},{W}",4,Enchantment,"Whenever a creature or planeswalker you control dies, you may sacrifice Ajani's Last Stand. If you do, create a 4/4 white Avatar creature token with flying.\nWhen a spell or ability an opponent controls causes you to discard this card, if you control a Plains, create a 4/4 white Avatar creature token with flying.",,,,W,,,legal,not_legal,m19,4,rare,,Slawomir Maniak
Ajani's Pridemate,"{1},{W}",2,Creature ? Cat Soldier,"Whenever you gain life, put a +1/+1 counter on Ajani's Pridemate.",,2,2,W,,,legal,not_legal,m19,5,uncommon,"""When one of us prospers, the pride prospers.""\n?Jazal Goldmane",Svetlin Velinov
Ajani's Welcome,{W},1,Enchantment,"Whenever a creature enters the battlefield under your control, you gain 1 life.",,,,W,,,legal,not_legal,m19,6,uncommon,"""You cannot defend others if your own well-being is neglected.""",Eric Deschamps
"Ajani, Wise Counselor","{3},{W},{W}",5,Legendary Planeswalker ? Ajani,"+2: You gain 1 life for each creature you control.\n?3: Creatures you control get +2/+2 until end of turn.\n?9: Put X +1/+1 counters on target creature, where X is your life total.",5,,,W,,,legal,not_legal,m19,281,mythic,,Eric Deschamps
Alpine Moon,{R},1,Enchantment,"As Alpine Moon enters the battlefield, choose a nonbasic land card name.\nLands your opponents control with the chosen name lose all land types and abilities, and they gain ""{T}: Add one mana of any color.""",,,,R,,,legal,not_legal,m19,128,rare,"""A rare and fascinating phenomenon.""\n?Tamiyo",Alayna Danner
Amulet of Safekeeping,{2},2,Artifact,"Whenever you become the target of a spell or ability an opponent controls, counter that spell or ability unless its controller pays {1}.\nCreature tokens get -1/-0.",,,,,,,legal,not_legal,m19,226,rare,"Whether it is magical, lucky, or merely old, it is cherished, and that gives it power.",Aaron Miller
Angel of the Dawn,"{4},{W}",5,Creature ? Angel,"Flying\nWhen Angel of the Dawn enters the battlefield, creatures you control get +1/+1 and gain vigilance until end of turn. (Attacking doesn't cause them to tap.)",,3,3,W,,,legal,legal,m19,7,common,She sings for all those who have been silenced.,Livia Prima
Anticipate,"{1},{U}",2,Instant,Look at the top three cards of your library. Put one of them into your hand and the rest on the bottom of your library in any order.,,,,U,,,legal,legal,m19,44,common,Divining the future is easy when you hold the power to sway it.,Tyler Jacobson
Apex of Power,"{7},{R},{R},{R}",10,Sorcery,"Exile the top seven cards of your library. Until end of turn, you may cast nonland cards exiled this way.\nIf this spell was cast from your hand, add ten mana of any one color.",,,,R,,,legal,not_legal,m19,129,mythic,"""As I desire, so it shall be."" ?Nicol Bolas",Svetlin Velinov
"Arcades, the Strategist","{1},{G},{W},{U}",4,Legendary Creature ? Elder Dragon,"Flying, vigilance\nWhenever a creature with defender enters the battlefield under your control, draw a card.\nEach creature you control with defender assigns combat damage equal to its toughness rather than its power and can attack as though it didn't have defender.",,3,5,G,U,W,legal,not_legal,m19,212,mythic,,Even Amundsen
Arcane Encyclopedia,{3},3,Artifact,"{3}, {T}: Draw a card.",,,,,,,legal,not_legal,m19,227,uncommon,"Knowledge itself is neither good nor evil. Just as the wrong book in the wrong hands could doom all existence, the same book in the right hands could save it.",Nic Klein
Arisen Gorgon,"{1},{B},{B}",3,Creature ? Zombie Gorgon,Arisen Gorgon has deathtouch as long as you control a Liliana planeswalker. (Any amount of damage this deals to a creature is enough to destroy it.),,3,3,B,,,legal,not_legal,m19,292,uncommon,"""I'm not picky about what comes up, but the less decay, the better.""\n?Liliana Vess",Livia Prima
Aven Wind Mage,"{2},{U}",3,Creature ? Bird Wizard,"Flying\nWhenever you cast an instant or sorcery spell, Aven Wind Mage gets +1/+1 until end of turn.",,2,2,U,,,legal,legal,m19,45,common,"""My skill sharpens with each beat of my wings.""",Lius Lasahido
Aviation Pioneer,"{2},{U}",3,Creature ? Human Artificer,"When Aviation Pioneer enters the battlefield, create a 1/1 colorless Thopter artifact creature token with flying.",,1,2,U,,,legal,legal,m19,46,common,"""They say that perfection is unattainable, but they say that about flight too.""",Lake Hurwitz
Banefire,"{X},{R}",1,Sorcery,"Banefire deals X damage to any target.\nIf X is 5 or more, this spell can't be countered and the damage can't be prevented.",,,,R,,,legal,not_legal,m19,130,rare,"For Sarkhan Vol, the dragon is the purest expression of life's savage splendor.",Raymond Swanland
Befuddle,"{2},{U}",3,Instant,Target creature gets -4/-0 until end of turn.\nDraw a card.,,,,U,,,legal,legal,m19,309,common,"""The trick to talking sense into Keldons is getting them to hold still.""",Svetlin Velinov
Blanchwood Armor,"{2},{G}",3,Enchantment ? Aura,Enchant creature\nEnchanted creature gets +1/+1 for each Forest you control.,,,,G,,,legal,not_legal,m19,169,uncommon,,Paolo Parente
Blood Divination,"{3},{B}",4,Sorcery,"As an additional cost to cast this spell, sacrifice a creature.\nDraw three cards.",,,,B,,,legal,not_legal,m19,86,uncommon,Predicting the future is a messy business.,Filip Burburan
Boggart Brute,"{2},{R}",3,Creature ? Goblin Warrior,Menace (This creature can't be blocked except by two or more creatures.),,3,2,R,,,legal,legal,m19,131,common,"He has the biggest bashing stick, so it's a safe bet he's the leader.",Igor Kieryluk
Bogstomper,"{4},{B},{B}",6,Creature ? Beast,,,6,5,B,,,legal,legal,m19,87,common,"""They are gentle herbivores, despite their size. Approach cautiously, and hum a tune to let them know you mean no harm.""\n?Vivien Reid",Jason Felix
Bone Dragon,"{3},{B},{B}",5,Creature ? Dragon Skeleton,"Flying\n{3},{B},{B}, Exile seven other cards from your graveyard: Return Bone Dragon from your graveyard to the battlefield tapped.",,5,4,B,,,legal,not_legal,m19,88,mythic,Its roar is the clatter of a thousand bones.,Jason A. Engle
Bone to Ash,"{2},{U},{U}",4,Instant,Counter target creature spell.\nDraw a card.,,,,U,,,legal,legal,m19,47,uncommon,"""I can think of worse ways to go. On second thought, maybe not.""\n?Ludevic, necro-alchemist",Clint Cearley
Brawl-Bash Ogre,"{2},{B},{R}",4,Creature ? Ogre Warrior,"Menace (This creature can't be blocked except by two or more creatures.)\nWhenever Brawl-Bash Ogre attacks, you may sacrifice another creature. If you do, Brawl-Bash Ogre gets +2/+2 until end of turn.",,3,3,B,R,,legal,not_legal,m19,213,uncommon,,Even Amundsen
Bristling Boar,"{3},{G}",4,Creature ? Boar,Bristling Boar can't be blocked by more than one creature.,,4,3,G,,,legal,legal,m19,170,common,"""Nicol Bolas destroyed my world. I owe it to Skalla to celebrate all life, no matter how dangerous.""\n?Vivien Reid",Svetlin Velinov
Cancel,"{1},{U},{U}",3,Instant,Counter target spell.,,,,U,,,legal,legal,m19,48,common,"""I decide what stands in my way.""",Mathias Kollros
Catalyst Elemental,"{2},{R}",3,Creature ? Elemental,"Sacrifice Catalyst Elemental: Add {R},{R}.",,2,2,R,,,legal,legal,m19,132,common,"As the hyperstormic generator crept past redline, a being emerged from the arc.",Deruchenko Alexander
Cavalry Drillmaster,"{1},{W}",2,Creature ? Human Knight,"When Cavalry Drillmaster enters the battlefield, target creature gets +2/+0 and gains first strike until end of turn. (It deals combat damage before creatures without first strike.)",,2,1,W,,,legal,legal,m19,8,common,,Slawomir Maniak
Centaur Courser,"{2},{G}",3,Creature ? Centaur Warrior,,,3,3,G,,,legal,legal,m19,171,common,"""The centaurs are truly free. Never will they be tamed by temptation or controlled by fear. They live in total harmony, a feat not yet achieved by our kind.""\n?Ramal, sage of Westgate",Vance Kovacs
Chaos Wand,{3},3,Artifact,"{4}, {T}: Target opponent exiles cards from the top of their library until they exile an instant or sorcery card. You may cast that card without paying its mana cost. Then put the exiled cards that weren't cast this way on the bottom of that library in a random order.",,,,,,,legal,not_legal,m19,228,rare,,Kari Christensen
Child of Night,"{1},{B}",2,Creature ? Vampire,Lifelink,,2,1,B,,,legal,legal,m19,89,common,Sins that would be too gruesome in the light of day are made more pleasing in the dark of night.,Ash Wood
"Chromium, the Mutable","{4},{W},{U},{B}",7,Legendary Creature ? Elder Dragon,"Flash\nThis spell can't be countered.\nFlying\nDiscard a card: Until end of turn, Chromium, the Mutable becomes a Human with base power and toughness 1/1, loses all abilities, and gains hexproof. It can't be blocked this turn.",,7,7,B,U,W,legal,not_legal,m19,214,mythic,,Chase Stone
Cinder Barrens,,0,Land,Cinder Barrens enters the battlefield tapped.\n{T}: Add {B} or {R}.,,,,,,,legal,legal,m19,248,common,"""I do as I choose with what is mine. And it is all mine.""\n?Nicol Bolas",Titus Lunter
Cleansing Nova,"{3},{W},{W}",5,Sorcery,Choose one ?\n? Destroy all creatures.\n? Destroy all artifacts and enchantments.,,,,W,,,legal,not_legal,m19,9,rare,"In their final moments, the demons gazed upon grace in its purest form.",Noah Bradley
Colossal Dreadmaw,"{4},{G},{G}",6,Creature ? Dinosaur,Trample (This creature can deal excess combat damage to the player or planeswalker it's attacking.),,6,6,G,,,legal,legal,m19,172,common,"If you feel the ground quake, run. If you hear its bellow, flee. If you see its teeth, it's too late.",Jesper Ejsing
Colossal Majesty,"{2},{G}",3,Enchantment,"At the beginning of your upkeep, if you control a creature with power 4 or greater, draw a card.",,,,G,,,legal,not_legal,m19,173,uncommon,"""Might doesn't just build empires. It protects them.""\n?Inti, Sun Empire knight",Randy Vargas
Court Cleric,{W},1,Creature ? Human Cleric,Lifelink (Damage dealt by this creature also causes you to gain that much life.)\nCourt Cleric gets +1/+1 as long as you control an Ajani planeswalker.,,1,1,W,,,legal,not_legal,m19,283,uncommon,"""The healers of Bant are second to none. I owe then a great deal for their tutelage.""\n?Ajani Goldmane",Mark Behm
Crash Through,{R},1,Sorcery,Creatures you control gain trample until end of turn. (A creature with trample can deal excess combat damage to the player or planeswalker it's attacking.)\nDraw a card.,,,,R,,,legal,legal,m19,133,common,,Izzy
Crucible of Worlds,{3},3,Artifact,You may play land cards from your graveyard.,,,,,,,legal,not_legal,m19,229,mythic,Amidst the darkest ashes grow the strongest seeds.,Ron Spencer
Daggerback Basilisk,"{2},{G}",3,Creature ? Basilisk,Deathtouch (Any amount of damage this deals to a creature is enough to destroy it.),,2,2,G,,,legal,legal,m19,174,common,"Its ventricles weep venom, and it consumes only poison.",Jesper Ejsing
Dark-Dweller Oracle,"{1},{R}",2,Creature ? Goblin Shaman,"{1}, Sacrifice a creature: Exile the top card of your library. You may play that card this turn. (You still pay its costs. You can play a land this way only if you have an available land play remaining.)",,2,2,R,,,legal,not_legal,m19,134,rare,Eyes are unnecessary for seeing the future.,Deruchenko Alexander
Daybreak Chaplain,"{1},{W}",2,Creature ? Human Cleric,Lifelink (Damage dealt by this creature also causes you to gain that much life.),,1,3,W,,,legal,legal,m19,10,common,"""May the light shine through me to guide the lost.""",Volkan Ba?a
Death Baron,"{1},{B},{B}",3,Creature ? Zombie Wizard,Skeletons you control and other Zombies you control get +1/+1 and have deathtouch.,,2,2,B,,,legal,not_legal,m19,90,rare,"For the necromancer barons, killing and recruitment are one and the same.",Nils Hamm
Declare Dominance,"{3},{G},{G}",5,Sorcery,Target creature gets +3/+3 until end of turn. All creatures able to block it this turn do so.,,,,G,,,legal,not_legal,m19,175,uncommon,"""If you think yourself a chief, then prove your might.""\n?Gar-Tun, Mistvalley silverback",Simon Dominic
Demanding Dragon,"{3},{R},{R}",5,Creature ? Dragon,"Flying\nWhen Demanding Dragon enters the battlefield, it deals 5 damage to target opponent unless that player sacrifices a creature.",,5,5,R,,,legal,not_legal,m19,135,rare,A knight's devotion to their steed goes only so far.,Chris Rahn
Demon of Catastrophes,"{2},{B},{B}",4,Creature ? Demon,"As an additional cost to cast this spell, sacrifice a creature.\nFlying, trample",,6,6,B,,,legal,not_legal,m19,91,rare,"A pit yawned open, a column of oily smoke arose, and a towering form hissed, ""I accept this offering.""",Sidharth Chaturvedi
Departed Deckhand,"{1},{U}",2,Creature ? Spirit Pirate,"When Departed Deckhand becomes the target of a spell, sacrifice it.\nDeparted Deckhand can't be blocked except by Spirits.\n{3},{U}: Another target creature you control can't be blocked this turn except by Spirits.",,2,2,U,,,legal,not_legal,m19,49,uncommon,,Zoltan Boros
Desecrated Tomb,{3},3,Artifact,"Whenever one or more creature cards leave your graveyard, create a 1/1 black Bat creature token with flying.",,,,,,,legal,not_legal,m19,230,rare,"The grave robbers were startled, for the door to the mausoleum was already open.",Dimitar Marinski
Detection Tower,,0,Land,"{T}: Add {C}.\n{1}, {T}: Until end of turn, your opponents and creatures your opponents control with hexproof can be the targets of spells and abilities you control as though they didn't have hexproof.",,,,,,,legal,not_legal,m19,249,rare,Its light exposes enemies and lays secrets bare.,Adam Paquette
Diamond Mare,{2},2,Artifact Creature ? Horse,"As Diamond Mare enters the battlefield, choose a color.\nWhenever you cast a spell of the chosen color, you gain 1 life.",,1,3,,,,legal,not_legal,m19,231,uncommon,"When it passes, rainbows follow.",Alayna Danner
Diregraf Ghoul,{B},1,Creature ? Zombie,Diregraf Ghoul enters the battlefield tapped.,,2,2,B,,,legal,not_legal,m19,92,uncommon,"""At least this one still has arms and legs. Well, most of its legs.""\n?Enslow, ghoulcaller of Nephalia",Dave Kendall
Dismissive Pyromancer,"{1},{R}",2,Creature ? Human Wizard,"{R}, {T}, Discard a card: Draw a card.\n{2},{R}, {T}, Sacrifice Dismissive Pyromancer: It deals 4 damage to target creature.",,2,2,R,,,legal,not_legal,m19,136,rare,"""Burn. Burn. Keep. Burn"".",Bram Sels
Disperse,"{1},{U}",2,Instant,Return target nonland permanent to its owner's hand.,,,,U,,,legal,legal,m19,50,common,It's pointless to hold on when you have nothing to hold on with.,Ryan Yee
Divination,"{2},{U}",3,Sorcery,Draw two cards.,,,,U,,,legal,legal,m19,51,common,"""The stars mark your destiny. May you accept the fate thus divulged.""",Willian Murai
Djinn of Wishes,"{3},{U},{U}",5,Creature ? Djinn,"Flying\nDjinn of Wishes enters the battlefield with three wish counters on it.\n{2},{U},{U}, Remove a wish counter from Djinn of Wishes: Reveal the top card of your library. You may play that card without paying its mana cost. If you don't, exile it.",,4,4,U,,,legal,not_legal,m19,52,rare,,Kev Walker
Doomed Dissenter,"{1},{B}",2,Creature ? Human,"When Doomed Dissenter dies, create a 2/2 black Zombie creature token.",,1,1,B,,,legal,legal,m19,93,common,There is only one fate left to those banished from the God-Pharaoh's city.,Tony Foti
Doublecast,"{R},{R}",2,Sorcery,"When you cast your next instant or sorcery spell this turn, copy that spell. You may choose new targets for the copy.",,,,R,,,legal,not_legal,m19,137,uncommon,"First the insult, then the encore.",Even Amundsen
Draconic Disciple,"{1},{R},{G}",3,Creature ? Human Shaman,"{T}: Add one mana of any color.\n{7}, {T}, Sacrifice Draconic Disciple: Create a 5/5 red Dragon creature token with flying.",,2,2,G,R,,legal,not_legal,m19,215,uncommon,"""If I am to die, I will die in the embrace of an immeasurable flame.""",Yongjae Choi
Dragon Egg,"{2},{R}",3,Creature ? Dragon Egg,"Defender (This creature can't attack.)\nWhen Dragon Egg dies, create a 2/2 red Dragon creature token with flying and ""{R}: This creature gets +1/+0 until end of turn.""",,0,2,R,,,legal,legal,m19,138,uncommon,Dragon birth lairs are littered with treasure to entice the young from their eggs.,Jack Wang
Dragon's Hoard,{3},3,Artifact,"Whenever a Dragon enters the battlefield under your control, put a gold counter on Dragon's Hoard.\n{T}, Remove a gold counter from Dragon's Hoard: Draw a card.\n{T}: Add one mana of any color.",,,,,,,legal,not_legal,m19,232,rare,,Adam Paquette
Druid of Horns,"{3},{G}",4,Creature ? Human Druid,"Whenever you cast an Aura spell that targets Druid of Horns, create a 3/3 green Beast creature token.",,2,3,G,,,legal,not_legal,m19,176,uncommon,No welcome for those who trespass. Only fang and horn and claw.,Nils Hamm
Druid of the Cowl,"{1},{G}",2,Creature ? Elf Druid,{T}: Add {G}.,,1,3,G,,,legal,legal,m19,177,common,"""The wild tangle of the Cowl provides sanctuary to life that watched the first buildings rise.""",Magali Villeneuve
Dryad Greenseeker,"{1},{G}",2,Creature ? Dryad,"{T}: Look at the top card of your library. If it's a land card, you may reveal it and put it into your hand.",,1,3,G,,,legal,not_legal,m19,178,uncommon,"""The land already knows its destiny. I simply ask it to share the tale with me.""",Greg Opalinski
Duress,{B},1,Sorcery,"Target opponent reveals their hand. You choose a noncreature, nonland card from it. That player discards that card.",,,,B,,,legal,legal,m19,94,common,"""It hurts more if you think about it.""\n?Hooks, Cabal torturer",Steven Belledin
Dwarven Priest,"{3},{W}",4,Creature ? Dwarf Cleric,"When Dwarven Priest enters the battlefield, you gain 1 life for each creature you control.",,2,4,W,,,legal,legal,m19,11,common,"""These storied halls are under my protection.""",Even Amundsen
Dwindle,"{2},{U}",3,Enchantment ? Aura,"Enchant creature\nEnchanted creature gets -6/-0.\nWhen enchanted creature blocks, destroy it. (The attacking creature remains blocked.)",,,,U,,,legal,legal,m19,53,common,"The collection didn't have room to expand, so the wizard improvised a solution.",Ryan Pancoast
Electrify,"{3},{R}",4,Instant,Electrify deals 4 damage to target creature.,,,,R,,,legal,legal,m19,139,common,"""Some hid from the storm. I embraced it and learned its name.""",Craig J Spearing
Elvish Clancaller,"{G},{G}",2,Creature ? Elf Druid,"Other Elves you control get +1/+1.\n{4},{G},{G}, {T}: Search your library for a card named Elvish Clancaller, put it onto the battlefield, then shuffle your library.",,1,1,G,,,legal,not_legal,m19,179,rare,No single root feeds the forest.,Matt Stewart
Elvish Rejuvenator,"{2},{G}",3,Creature ? Elf Druid,"When Elvish Rejuvenator enters the battlefield, look at the top five cards of your library. You may put a land card from among them onto the battlefield tapped. Put the rest on the bottom of your library in a random order.",,1,1,G,,,legal,legal,m19,180,common,,Winona Nelson
Enigma Drake,"{1},{U},{R}",3,Creature ? Drake,Flying\nEnigma Drake's power is equal to the number of instant and sorcery cards in your graveyard.,,*,4,R,U,,legal,not_legal,m19,216,uncommon,Many initiates believe it possesses secrets beyond imagining. Many have become meals trying to learn them.,Steve Argyle
Epicure of Blood,"{4},{B}",5,Creature ? Vampire,"Whenever you gain life, each opponent loses 1 life.",,4,4,B,,,legal,legal,m19,95,common,"""Fleshy, with just a hint of leather. A fine vintage.""",Anna Steinbauer
Essence Scatter,"{1},{U}",2,Instant,Counter target creature spell.,,,,U,,,legal,legal,m19,54,common,Dependence on luck is anathema to Kefnet's rigorous studies. Those who hope to escape his maze by chance never succeed.,Josh Hass
Exclusion Mage,"{2},{U}",3,Creature ? Human Wizard,"When Exclusion Mage enters the battlefield, return target creature an opponent controls to its owner's hand.",,2,2,U,,,legal,not_legal,m19,55,uncommon,Successful battles start with knowing who's worth fighting.,Chris Seaman
Explosive Apparatus,{1},1,Artifact,"{3}, {T}, Sacrifice Explosive Apparatus: It deals 2 damage to any target.",,,,,,,legal,legal,m19,233,common,"""Souls are volatile things. When compressed and loaded into a handheld device, their destructive potential is quite impressive.""\n?Dierk, geistmage",Lindsey Look
Fell Specter,"{3},{B}",4,Creature ? Specter,"Flying\nWhen Fell Specter enters the battlefield, target opponent discards a card.\nWhenever an opponent discards a card, that player loses 2 life.",,1,3,B,,,legal,not_legal,m19,96,uncommon,,Dimitar Marinski
Field Creeper,{2},2,Artifact Creature ? Scarecrow,,,2,1,,,,legal,legal,m19,234,common,"As it walks across the fallow field, its awkward, loping gait matches the rattling in its head to create a haunting rhythm that chills the bones.",Anthony Palumbo
Fiery Finish,"{4},{R},{R}",6,Sorcery,Fiery Finish deals 7 damage to target creature.,,,,R,,,legal,not_legal,m19,140,uncommon,Negotiations reached an abrupt conclusion.,Joe Slucher
Fire Elemental,"{3},{R},{R}",5,Creature ? Elemental,,,5,4,R,,,legal,legal,m19,141,common,It treads on feet of coals and strikes with the force of a volcano.,Slawomir Maniak
Forest,,0,Basic Land ? Forest,({T}: Add {G}.),,,,,,,legal,legal,m19,277,common,,Volkan Ba?a
Forsaken Sanctuary,,0,Land,Forsaken Sanctuary enters the battlefield tapped.\n{T}: Add {W} or {B}.,,,,,,,legal,legal,m19,250,common,"""Prayers will curdle on the tongue and be heard by rotting ears.""\n?Minaldra, the Vizag Atum",Vincent Proce
Foul Orchard,,0,Land,Foul Orchard enters the battlefield tapped.\n{T}: Add {B} or {G}.,,,,,,,legal,legal,m19,251,common,"The stench of rotting meat lures flies, goblins, and young raptors.",Yeong-Hao Han
Fountain of Renewal,{1},1,Artifact,"At the beginning of your upkeep, you gain 1 life.\n{3}, Sacrifice Fountain of Renewal: Draw a card.",,,,,,,legal,not_legal,m19,235,uncommon,"Entrepreneurs have attempted to sell the water, but to no avail. Whatever magic it contains disappears upon bottling.",Adam Paquette
Fraying Omnipotence,"{3},{B},{B}",5,Sorcery,"Each player loses half their life, then discards half the cards in their hand, then sacrifices half the creatures they control. Round up each time.",,,,B,,,legal,not_legal,m19,97,rare,The Great Mending that healed the Multiverse also unraveled the threads of Nicol Bolas's power.,Svetlin Velinov
Frilled Sea Serpent,"{4},{U},{U}",6,Creature ? Serpent,"{5},{U},{U}: Frilled Sea Serpent can't be blocked this turn.",,4,6,U,,,legal,legal,m19,56,common,"""Reel it in. No, wait! Throw it back!""\n?Gertrude, deep-sea angler",Steven Belledin
Gallant Cavalry,"{3},{W}",4,Creature ? Human Knight,"Vigilance (Attacking doesn't cause this creature to tap.)\nWhen Gallant Cavalry enters the battlefield, create a 2/2 white Knight creature token with vigilance.",,2,2,W,,,legal,legal,m19,12,common,"""Our duty does not stop at our borders.""",Craig J Spearing
Gargoyle Sentinel,{3},3,Artifact Creature ? Gargoyle,"Defender (This creature can't attack.)\n{3}: Until end of turn, Gargoyle Sentinel loses defender and gains flying.",,3,3,,,,legal,not_legal,m19,236,uncommon,"""Do not mistake a quiet rampart for one that is unguarded. Some things stir only when they need to.""\n?Bonovar, siege commander",Drew Baker
Gearsmith Guardian,{5},5,Artifact Creature ? Construct,Gearsmith Guardian gets +2/+0 as long as you control a blue creature.,,3,5,,,,legal,legal,m19,237,common,"Made in its creator's image, though slightly more clangy.",Deruchenko Alexander
Gearsmith Prodigy,{U},1,Creature ? Human Artificer,Gearsmith Prodigy gets +1/+0 as long as you control an artifact.,,1,2,U,,,legal,legal,m19,57,common,Young artificers on Kaladesh let their imaginations run wild.,Deruchenko Alexander
Ghastbark Twins,"{5},{G},{G}",7,Creature ? Treefolk,Trample (This creature can deal excess combat damage to the player or planeswalker it's attacking.)\nGhastbark Twins can block an additional creature each combat.,,7,7,G,,,legal,not_legal,m19,181,uncommon,They grow closer with every passing season.,Zack Stella
Ghirapur Guide,"{2},{G}",3,Creature ? Elf Scout,"{2},{G}: Target creature you control can't be blocked by creatures with power 2 or less this turn.",,3,2,G,,,legal,not_legal,m19,182,uncommon,"Fairgoers were delighted to find that even outside the fairgrounds, Ghirapur was a city of wonders.",Scott Murphy
Ghostform,"{1},{U}",2,Sorcery,Up to two target creatures can't be blocked this turn.,,,,U,,,legal,legal,m19,58,common,"""Picking locks is for beginners.""",Scott Chou
Giant Spider,"{3},{G}",4,Creature ? Spider,Reach (This creature can block creatures with flying.),,2,4,G,,,legal,legal,m19,183,common,"""After everything I've survived, it's hard to be frightened by anything anymore.""\n?Vivien Reid",Randy Gallegos
Gift of Paradise,"{2},{G}",3,Enchantment ? Aura,"Enchant land\nWhen Gift of Paradise enters the battlefield, you gain 3 life.\nEnchanted land has ""{T}: Add two mana of any one color.""",,,,G,,,legal,legal,m19,184,uncommon,,Ryan Pancoast
Gigantosaurus,"{G},{G},{G},{G},{G}",5,Creature ? Dinosaur,,,10,10,G,,,legal,not_legal,m19,185,rare,"""Each tooth is the length of a horse, and new ones grow in every sixteen days. Let's get a closer look!""\n?Vivien Reid",Jonathan Kuo
Goblin Instigator,"{1},{R}",2,Creature ? Goblin Rogue,"When Goblin Instigator enters the battlefield, create a 1/1 red Goblin creature token.",,1,1,R,,,legal,legal,m19,142,common,"""We can take 'em. You go first!""",Filip Burburan
Goblin Motivator,{R},1,Creature ? Goblin Warrior,{T}: Target creature gains haste until end of turn. (It can attack and {T} this turn.),,1,1,R,,,legal,legal,m19,143,common,Small words stoke large flames.,Johann Bodin
Goblin Trashmaster,"{2},{R},{R}",4,Creature ? Goblin Warrior,Other Goblins you control get +1/+1.\nSacrifice a Goblin: Destroy target artifact.,,3,3,R,,,legal,not_legal,m19,144,rare,"""Folks 'round here are too in love with their contraptions. Does them some good if we smash every one so often.""",Jakub Kasper
"Goreclaw, Terror of Qal Sisma","{3},{G}",4,Legendary Creature ? Bear,"Creature spells you cast with power 4 or greater cost {2} less to cast.\nWhenever Goreclaw, Terror of Qal Sisma attacks, each creature you control with power 4 or greater gets +1/+1 and gains trample until end of turn.",,4,3,G,,,legal,not_legal,m19,186,rare,You don't want to know how she got that name.,Svetlin Velinov
Grasping Scoundrel,{B},1,Creature ? Human Pirate,Grasping Scoundrel gets +1/+0 as long as it's attacking.,,1,1,B,,,legal,legal,m19,312,common,"""I can hear the plunder calling. It asks for me by name.""",Steve Prescott
Gravedigger,"{3},{B}",4,Creature ? Zombie,"When Gravedigger enters the battlefield, you may return target creature card from your graveyard to your hand.",,2,2,B,,,legal,legal,m19,98,uncommon,A full coffin is like a full coffer?both are attractive to thieves.,Dermot Power
Gravewaker,"{4},{B},{B}",6,Creature ? Bird Spirit,"Flying\n{5},{B},{B}: Return target creature card from your graveyard to the battlefield tapped.",,5,5,B,,,legal,not_legal,m19,293,rare,Once every seven years it flies on spectral wings over the moors of ancient battlefields.,Daniel Ljunggren
Graveyard Marshal,"{B},{B}",2,Creature ? Zombie Soldier,"{2},{B}, Exile a creature card from your graveyard: Create a tapped 2/2 black Zombie creature token.",,3,2,B,,,legal,not_legal,m19,99,rare,"""Rise and shine, my dears. We have work to do.""\n?Isareth the Awakener",Mark Behm
Greenwood Sentinel,"{1},{G}",2,Creature ? Elf Scout,Vigilance (Attacking doesn't cause this creature to tap.),,2,2,G,,,legal,legal,m19,187,common,"Within a mile of the woodland, you will feel her eyes upon you. Within its borders, you will feel her blade.",Johann Bodin
Guttersnipe,"{2},{R}",3,Creature ? Goblin Shaman,"Whenever you cast an instant or sorcery spell, Guttersnipe deals 2 damage to each opponent.",,2,2,R,,,legal,not_legal,m19,145,uncommon,"""I found a new toy. Wanna play?""",Mathias Kollros
Havoc Devils,"{2},{R},{R}",4,Creature ? Devil,Trample (This creature can deal excess combat damage to the player or planeswalker it's attacking.),,4,3,R,,,legal,legal,m19,146,common,"For devils, burning things is the highest form of comedy, diversion, and artistic expression.",Viktor Titov
Herald of Faith,"{3},{W},{W}",5,Creature ? Angel,"Flying\nWhenever Herald of Faith attacks, you gain 2 life.",,4,3,W,,,legal,not_legal,m19,13,uncommon,The clerics prayed for salvation. The soldiers prayed for victory. Both prayers were answered.,Tommy Arnold
Heroic Reinforcements,"{2},{R},{W}",4,Sorcery,"Create two 1/1 white Soldier creature tokens. Until end of turn, creatures you control get +1/+1 and gain haste. (They can attack and {T} this turn.)",,,,R,W,,legal,not_legal,m19,217,uncommon,Cries of anguish quickly spurred cries of action.,Scott Murphy
Hieromancer's Cage,"{3},{W}",4,Enchantment,"When Hieromancer's Cage enters the battlefield, exile target nonland permanent an opponent controls until Hieromancer's Cage leaves the battlefield.",,,,W,,,legal,not_legal,m19,14,uncommon,Law protects but it also contains.,Jason Rainville
Highland Game,"{1},{G}",2,Creature ? Elk,"When Highland Game dies, you gain 2 life.",,2,1,G,,,legal,legal,m19,188,common,"""Bring down a stag and fix its horns upon Arel's head. She hears the wisdom of our ancestors.""\n?Chianul, Who Whispers Twice",John Severin Brassell
Highland Lake,,0,Land,Highland Lake enters the battlefield tapped.\n{T}: Add {U} or {R}.,,,,,,,legal,legal,m19,252,common,"""A place like this makes me wonder if there's more to life than blood and treasure . . . Nah.""\n?Boyl Bucksalt, Storm Fleet swab",Noah Bradley
Hired Blade,"{2},{B}",3,Creature ? Human Assassin,Flash (You may cast this spell any time you could cast an instant.),,3,2,B,,,legal,legal,m19,100,common,"""If you want them dead, buy some poison. If you want them to have the worst day of their life before dying, then let's talk price.""",Mark Behm
Horizon Scholar,"{5},{U}",6,Creature ? Sphinx,"Flying\nWhen Horizon Scholar enters the battlefield, scry 2. (Look at the top two cards of your library, then put any number of them on the bottom of your library and the rest on top in any order.)",,4,4,U,,,legal,not_legal,m19,59,uncommon,,Karl Kopinski
Hostile Minotaur,"{3},{R}",4,Creature ? Minotaur,Haste (This creature can attack and {T} as soon as it comes under your control.),,3,3,R,,,legal,legal,m19,147,common,"The bellow of minotaur always translates to ""charge.""",Joe Slucher
Hungering Hydra,"{X},{G}",1,Creature ? Hydra,"Hungering Hydra enters the battlefield with X +1/+1 counters on it.\nHungering Hydra can't be blocked by more than one creature.\nWhenever Hungering Hydra is dealt damage, put that many +1/+1 counters on it. (It must survive the damage to get the counters.)",,0,0,G,,,legal,not_legal,m19,189,rare,,Daarken
Infectious Horror,"{3},{B}",4,Creature ? Zombie Horror,"Whenever Infectious Horror attacks, each opponent loses 2 life.",,2,2,B,,,legal,legal,m19,101,common,Not once in the history of Grixis has anyone died of old age.,Pete Venters
Infernal Reckoning,{B},1,Instant,Exile target colorless creature. You gain life equal to its power.,,,,B,,,legal,not_legal,m19,102,rare,"""When these intruders are gone, Zendikar will be my throne, my palace, my playground.""",Bram Sels
Infernal Scarring,"{1},{B}",2,Enchantment ? Aura,"Enchant creature\nEnchanted creature gets +2/+0 and has ""When this creature dies, draw a card.""",,,,B,,,legal,legal,m19,103,common,One who is marked by a demon in life is sure to be remembered as one in death.,Mike Bierek
Inferno Hellion,"{3},{R}",4,Creature ? Hellion,"Trample (This creature can deal excess combat damage to the player or planeswalker it's attacking.)\nAt the beginning of each end step, if Inferno Hellion attacked or blocked this turn, its owner shuffles it into their library.",,7,3,R,,,legal,not_legal,m19,148,uncommon,,Jason A. Engle
Inspired Charge,"{2},{W},{W}",4,Instant,Creatures you control get +2/+1 until end of turn.,,,,W,,,legal,legal,m19,15,common,"""Impossible! How could they overwhelm us? We had barricades, war elephants, ? and they were barely a tenth of our number!"" ?General Avitora",Wayne Reynolds
Invoke the Divine,"{2},{W}",3,Instant,Destroy target artifact or enchantment. You gain 4 life.,,,,W,,,legal,legal,m19,16,common,"""Let go of all that harms you. Cast your burdens into the darkness, and build for the faithful a house of light.""\n?Song of All, canto 1008",Magali Villeneuve
Isareth the Awakener,"{1},{B},{B}",3,Legendary Creature ? Human Wizard,"Deathtouch\nWhenever Isareth the Awakener attacks, you may pay {X}. When you do, return target creature card with converted mana cost X from your graveyard to the battlefield with a corpse counter on it. If that creature would leave the battlefield, exile it instead of putting it anywhere else.",,3,3,B,,,legal,not_legal,m19,104,rare,,Jason Rainville
Island,,0,Basic Land ? Island,({T}: Add {U}.),,,,,,,legal,legal,m19,265,common,,Cliff Childs
Isolate,{W},1,Instant,Exile target permanent with converted mana cost 1.,,,,W,,,legal,not_legal,m19,17,rare,"Threefold were his crimes, doubled were his pleas, singular was his fate.",Victor Adame Minguez
Kargan Dragonrider,"{1},{R}",2,Creature ? Human Warrior,"As long as you control a Dragon, Kargan Dragonrider has flying. (It can't be blocked except by creatures with flying or reach.)",,2,2,R,,,legal,legal,m19,297,common,"""Only those who give the dragons the respect they deserve may bear our title.""",Greg Opalinski
Knightly Valor,"{4},{W}",5,Enchantment ? Aura,"Enchant creature\nWhen Knightly Valor enters the battlefield, create a 2/2 white Knight creature token with vigilance. (Attacking doesn't cause it to tap.)\nEnchanted creature gets +2/+2 and has vigilance.",,,,W,,,legal,legal,m19,20,uncommon,,Matt Stewart
Knight of the Tusk,"{4},{W},{W}",6,Creature ? Human Knight,Vigilance (Attacking doesn't cause this creature to tap.),,3,7,W,,,legal,legal,m19,18,common,"""Horse? Who needs a horse?""",Jesper Ejsing
Knight's Pledge,"{1},{W}",2,Enchantment ? Aura,Enchant creature\nEnchanted creature gets +2/+2.,,,,W,,,legal,legal,m19,19,common,"""As long as my faith persists, so shall I.""",Magali Villeneuve
"Lathliss, Dragon Queen","{4},{R},{R}",6,Legendary Creature ? Dragon,"Flying\nWhenever another nontoken Dragon enters the battlefield under your control, create a 5/5 red Dragon creature token with flying.\n{1},{R}: Dragons you control get +1/+0 until end of turn.",,6,6,R,,,legal,not_legal,m19,149,rare,,Alex Konstad
Lava Axe,"{4},{R}",5,Sorcery,Lava Axe deals 5 damage to target player or planeswalker.,,,,R,,,legal,legal,m19,150,common,"""Catch!""",Brian Snäddy
"Lena, Selfless Champion","{4},{W},{W}",6,Legendary Creature ? Human Knight,"When Lena, Selfless Champion enters the battlefield, create a 1/1 white Soldier creature token for each nontoken creature you control.\nSacrifice Lena: Creatures you control with power less than Lena's power gain indestructible until end of turn.",,3,3,W,,,legal,not_legal,m19,21,rare,"""Those who do evil and those who do nothing are equally worthy of contempt.""",Lucas Graciano
Leonin Vanguard,{W},1,Creature ? Cat Soldier,"At the beginning of combat on your turn, if you control three or more creatures, Leonin Vanguard gets +1/+1 until end of turn and you gain 1 life.",,1,1,W,,,legal,not_legal,m19,22,uncommon,The best fighters are skilled in both harming and healing.,Aaron Miller
Leonin Warleader,"{2},{W},{W}",4,Creature ? Cat Soldier,"Whenever Leonin Warleader attacks, create two 1/1 white Cat creature tokens with lifelink that are tapped and attacking.",,4,4,W,,,legal,not_legal,m19,23,rare,"When one leonin hunts, many more are surely nearby.",Jakub Kasper
Lich's Caress,"{3},{B},{B}",5,Sorcery,Destroy target creature. You gain 3 life.,,,,B,,,legal,legal,m19,105,common,A lich must consume mortal souls to feed its eternal life.,Josh Hass
Lightning Mare,"{R},{R}",2,Creature ? Elemental Horse,"This spell can't be countered.\nLightning Mare can't be blocked by blue creatures.\n{1},{R}: Lightning Mare gets +1/+0 until end of turn.",,3,1,R,,,legal,not_legal,m19,151,uncommon,"When it passes, storm clouds bolt across the land.",Lucas Graciano
Lightning Strike,"{1},{R}",2,Instant,Lightning Strike deals 3 damage to any target.,,,,R,,,legal,legal,m19,152,uncommon,To wield lightning is to tame chaos.,Adam Paquette
Liliana's Contract,"{3},{B},{B}",5,Enchantment,"When Liliana's Contract enters the battlefield, you draw four cards and you lose 4 life.\nAt the beginning of your upkeep, if you control four or more Demons with different names, you win the game.",,,,B,,,legal,not_legal,m19,107,rare,Immortality is worth any price.,Bastien L. Deharme
Liliana's Spoils,"{3},{B}",4,Sorcery,Target opponent discards a card.\nLook at the top five cards of your library. You may reveal a black card from among them and put it into your hand. Put the rest on the bottom of your library in a random order.,,,,B,,,legal,not_legal,m19,294,rare,,Tyler Jacobson
"Liliana, the Necromancer","{3},{B},{B}",5,Legendary Planeswalker ? Liliana,+1: Target player loses 2 life.\n?1: Return target creature card from your graveyard to your hand.\n?7: Destroy up to two target creatures. Put up to two creature cards from graveyards onto the battlefield under your control.,4,,,B,,,legal,not_legal,m19,291,mythic,,Livia Prima
"Liliana, Untouched by Death","{2},{B},{B}",4,Legendary Planeswalker ? Liliana,"+1: Put the top three cards of your library into your graveyard. If at least one of them is a Zombie card, each opponent loses 2 life and you gain 2 life.\n?2: Target creature gets -X/-X until end of turn, where X is the number of Zombies you control.\n?3: You may cast Zombie cards from your graveyard this turn.",4,,,B,,,legal,not_legal,m19,106,mythic,,Bastien L. Deharme
Llanowar Elves,{G},1,Creature ? Elf Druid,{T}: Add {G}.,,1,1,G,,,legal,legal,m19,314,common,"As patient and generous as life, as harsh and merciless as nature.",Chris Rahn
Loxodon Line Breaker,"{2},{W}",3,Creature ? Elephant Soldier,,,3,2,W,,,legal,legal,m19,24,common,"Loxodons are firm in stature and spirit. No matter the odds, they are always first into battle.",Jesper Ejsing
Luminous Bonds,"{2},{W}",3,Enchantment ? Aura,Enchant creature\nEnchanted creature can't attack or block.,,,,W,,,legal,legal,m19,25,common,"""Your part in this fight is done, vampire. Get used to your thirst.""",Steve Argyle
Macabre Waltz,"{1},{B}",2,Sorcery,"Return up to two target creature cards from your graveyard to your hand, then discard a card.",,,,B,,,legal,legal,m19,108,common,Liliana is never one to follow someone else's lead.,Willian Murai
Magistrate's Scepter,{3},3,Artifact,"{4}, {T}: Put a charge counter on Magistrate's Scepter.\n{T}, Remove three charge counters from Magistrate's Scepter: Take an extra turn after this one.",,,,,,,legal,not_legal,m19,238,rare,,Adam Rex
Make a Stand,"{2},{W}",3,Instant,"Creatures you control get +1/+0 and gain indestructible until end of turn. (Damage and effects that say ""destroy"" don't destroy them.)",,,,W,,,legal,not_legal,m19,26,uncommon,"For a moment they stood tall, all fear forgotten.",Magali Villeneuve
Manalith,{3},3,Artifact,{T}: Add one mana of any color.,,,,,,,legal,legal,m19,239,common,"Planeswalkers seek out great monuments throughout the Multiverse, knowing that their builders were unknowingly drawn by the convergence of mana in the area.",Ryan Yee
Marauder's Axe,{2},2,Artifact ? Equipment,Equipped creature gets +2/+0.\nEquip {2} ({2}: Attach to target creature you control. Equip only as a sorcery.),,,,,,,legal,legal,m19,240,common,A sharp axe solves most problems.,Mitchell Malloy
Meandering River,,0,Land,Meandering River enters the battlefield tapped.\n{T}: Add {W} or {U}.,,,,,,,legal,legal,m19,253,common,The river split into many channels as it flowed to the Halimar Sea. Few travelers could follow the same one twice.,Cliff Childs
Mentor of the Meek,"{2},{W}",3,Creature ? Human Soldier,"Whenever another creature with power 2 or less enters the battlefield under your control, you may pay {1}. If you do, draw a card.",,2,2,W,,,legal,not_legal,m19,27,rare,"""In these halls there is no pass or fail. Your true test comes with the first full moon.""",Jana Schirmer & Johannes Voss
Metamorphic Alteration,"{1},{U}",2,Enchantment ? Aura,"Enchant creature\nAs Metamorphic Alteration enters the battlefield, choose a creature.\nEnchanted creature is a copy of the chosen creature.",,,,U,,,legal,not_legal,m19,60,rare,,Livia Prima
Meteor Golem,{7},7,Artifact Creature ? Golem,"When Meteor Golem enters the battlefield, destroy target nonland permanent an opponent controls.",,3,3,,,,legal,not_legal,m19,241,uncommon,The impact sent the soldiers scattering?then something came out of the crater.,Lake Hurwitz
Mighty Leap,"{1},{W}",2,Instant,Target creature gets +2/+2 and gains flying until end of turn.,,,,W,,,legal,legal,m19,28,common,"""I feel the presence of the God-Pharaoh in the Second Sun, and I rise upon its rays.""",Sidharth Chaturvedi
Militia Bugler,"{2},{W}",3,Creature ? Human Soldier,"Vigilance (Attacking doesn't cause this creature to tap.)\nWhen Militia Bugler enters the battlefield, look at the top four cards of your library. You may reveal a creature card with power 2 or less from among them and put it into your hand. Put the rest on the bottom of your library in a random order.",,2,3,W,,,legal,not_legal,m19,29,uncommon,,David Gaillet
Millstone,{2},2,Artifact,"{2}, {T}: Target player puts the top two cards of their library into their graveyard.",,,,,,,legal,not_legal,m19,242,uncommon,"Minds, like mountains, are never so grand and mighty that they can't be reduced to dust.",Yeong-Hao Han
Mind Rot,"{2},{B}",3,Sorcery,Target player discards two cards.,,,,B,,,legal,legal,m19,109,common,Many an inventor has collapsed under the pressure to create a flawless design.,Seb McKinnon
Mirror Image,"{2},{U}",3,Creature ? Shapeshifter,You may have Mirror Image enter the battlefield as a copy of any creature you control.,,0,0,U,,,legal,not_legal,m19,61,uncommon,The life of a shapeshifter is one of constant change.,Randy Vargas
Mistcaller,{U},1,Creature ? Merfolk Wizard,"Sacrifice Mistcaller: Until end of turn, if a nontoken creature would enter the battlefield and it wasn't cast, exile it instead.",,1,1,U,,,legal,not_legal,m19,62,rare,Hospitality is of little concern to those who do not wish to be disturbed.,Ryan Yee
Mist-Cloaked Herald,{U},1,Creature ? Merfolk Warrior,Mist-Cloaked Herald can't be blocked.,,1,1,U,,,legal,legal,m19,310,common,"With matchless stealth, the River Heralds fought a running battle against the three enemy forces.",Anthony Palumbo
Mountain,,0,Basic Land ? Mountain,({T}: Add {R}.),,,,,,,legal,legal,m19,273,common,,Noah Bradley
Murder,"{1},{B},{B}",3,Instant,Destroy target creature.,,,,B,,,legal,legal,m19,110,uncommon,"""It's not work if you enjoy it.""",Tyler Jacobson
Mystic Archaeologist,"{1},{U}",2,Creature ? Human Wizard,"{3},{U},{U}: Draw two cards.",,2,1,U,,,legal,not_legal,m19,63,rare,The delight of discovery drives the pursuit of knowledge.,Eric Deschamps
Naturalize,"{1},{G}",2,Instant,Destroy target artifact or enchantment.,,,,G,,,legal,legal,m19,190,common,"""And if you threaten me again, your shiny steel trousers will be sprouting daggerthorn vines.""\n?Iveta, rooftop runner",Daniel Ljunggren
Nexus of Fate,"{5},{U},{U}",7,Instant,"Take an extra turn after this one.\nIf Nexus of Fate would be put into a graveyard from anywhere, reveal Nexus of Fate and shuffle it into its owner's library instead.",,,,U,,,legal,not_legal,m19,306,mythic,Sarkhan wandered into a tomb and back in time.,Mike Bierek
Nightmare's Thirst,{B},1,Instant,"You gain 1 life. Target creature gets -X/-X until end of turn, where X is the amount of life you gained this turn.",,,,B,,,legal,not_legal,m19,111,uncommon,"That feeling of something on your chest is usually sleep paralysis. Occasionally, it's something else.",Igor Kieryluk
Novice Knight,{W},1,Creature ? Human Knight,"Defender (This creature can't attack.)\nAs long as Novice Knight is enchanted or equipped, it can attack as though it didn't have defender.",,2,3,W,,,legal,not_legal,m19,30,uncommon,Even the greatest hero begins with nothing.,Yongjae Choi
Oakenform,"{2},{G}",3,Enchantment ? Aura,Enchant creature\nEnchanted creature gets +3/+3.,,,,G,,,legal,legal,m19,191,common,"""When the beast cloaks itself in the mighty oak, what good is a bow? When the oak wraps itself around the snarling beast, what good is a hatchet?""\n?Dionus, elvish archdruid",Wayne Reynolds
Omenspeaker,"{1},{U}",2,Creature ? Human Wizard,"When Omenspeaker enters the battlefield, scry 2. (Look at the top two cards of your library, then put any number of them on the bottom of your library and the rest on top in any order.)",,1,3,U,,,legal,legal,m19,64,common,Her prophecies amaze her even as she speaks them.,Dallas Williams
Omniscience,"{7},{U},{U},{U}",10,Enchantment,You may cast spells from your hand without paying their mana costs.,,,,U,,,legal,not_legal,m19,65,mythic,"""The things I once imagined would be my greatest achievements were only the first steps toward a future I can only begin to fathom.""\n? Jace Beleren",Jason Chan
Onakke Ogre,"{2},{R}",3,Creature ? Ogre Warrior,,,4,2,R,,,legal,legal,m19,153,common,"The ogres you know are nothing like the Onakke. Possessing both intellect and industry, they had brute strength without being brutish.",Mathias Kollros
One with the Machine,"{3},{U}",4,Sorcery,Draw cards equal to the highest converted mana cost among artifacts you control.,,,,U,,,legal,not_legal,m19,66,rare,"""When I grafted the Planar Bridge into myself, I felt my Planeswalker spark flare beyond my body. The Multiverse was my plaything. It felt . . . incredible.""\n?Tezzeret",Chase Stone
Open the Graves,"{3},{B},{B}",5,Enchantment,"Whenever a nontoken creature you control dies, create a 2/2 black Zombie creature token.",,,,B,,,legal,not_legal,m19,112,rare,It was a night like any other. It would soon become a night no one would ever forget.,Vincent Proce
Oreskos Swiftclaw,"{1},{W}",2,Creature ? Cat Warrior,,,3,1,W,,,legal,legal,m19,31,common,The leonin of Oreskos are quick to take offense?not because they are thin-skinned but because they are always ready for a fight.,James Ryman
"Palladia-Mors, the Ruiner","{3},{R},{G},{W}",6,Legendary Creature ? Elder Dragon,"Flying, vigilance, trample\nPalladia-Mors, the Ruiner has hexproof if it hasn't dealt damage yet.",,6,6,G,R,W,legal,not_legal,m19,219,mythic,Sister of Nicol Bolas. Survivor of the Elder Dragon War. The most vicious of her kin.,Svetlin Velinov
Patient Rebuilding,"{3},{U},{U}",5,Enchantment,"At the beginning of your upkeep, target opponent puts the top three cards of their library into their graveyard, then you draw a card for each land card put into that graveyard this way.",,,,U,,,legal,not_legal,m19,67,rare,Nicol Bolas would not rest until he was restored to his former glory.,Magali Villeneuve
Pegasus Courser,"{2},{W}",3,Creature ? Pegasus,"Flying\nWhenever Pegasus Courser attacks, another target attacking creature gains flying until end of turn.",,1,3,W,,,legal,legal,m19,32,common,"A pegasus chooses its rider, bearing the worthy into the clouds and tossing all others to the ground.",Mathias Kollros
Pelakka Wurm,"{4},{G},{G},{G}",7,Creature ? Wurm,"Trample\nWhen Pelakka Wurm enters the battlefield, you gain 7 life.\nWhen Pelakka Wurm dies, draw a card.",,7,7,G,,,legal,not_legal,m19,192,rare,It eats what it wants to eat?which is anything that moves.,Daniel Ljunggren
Pendulum of Patterns,{2},2,Artifact,"When Pendulum of Patterns enters the battlefield, you gain 3 life.\n{5}, {T}, Sacrifice Pendulum of Patterns: Draw a card.",,,,,,,legal,legal,m19,288,common,Its elaborate designs reveal secrets of aether's flow.,Raoul Vitale
Phylactery Lich,"{B},{B},{B}",3,Creature ? Zombie,"Indestructible\nAs Phylactery Lich enters the battlefield, put a phylactery counter on an artifact you control.\nWhen you control no permanents with phylactery counters on them, sacrifice Phylactery Lich.",,5,5,B,,,legal,not_legal,m19,113,rare,,Michael Komarck
Plague Mare,"{1},{B},{B}",3,Creature ? Nightmare Horse,"Plague Mare can't be blocked by white creatures.\nWhen Plague Mare enters the battlefield, creatures your opponents control get -1/-1 until end of turn.",,2,2,B,,,legal,not_legal,m19,114,uncommon,"When it passes, those who sleep dream of sickness and death.",G-host Lee
Plains,,0,Basic Land ? Plains,({T}: Add {W}.),,,,,,,legal,legal,m19,261,common,,John Avon
Plummet,"{1},{G}",2,Instant,Destroy target creature with flying.,,,,G,,,legal,legal,m19,193,common,"""Let nothing own the skies but the wind.""\n?Dejara, Giltwood druid",Pete Venters
Poison-Tip Archer,"{2},{B},{G}",4,Creature ? Elf Archer,"Reach (This creature can block creatures with flying.)\nDeathtouch (Any amount of damage this deals to a creature is enough to destroy it.)\nWhenever another creature dies, each opponent loses 1 life.",,2,3,B,G,,legal,not_legal,m19,220,uncommon,,Dmitry Burmak
Prodigious Growth,"{4},{G},{G}",6,Enchantment ? Aura,Enchant creature\nEnchanted creature gets +7/+7 and has trample.,,,,G,,,legal,not_legal,m19,194,rare,"""Look at how cute it is now!""\n?Vivien Reid",Svetlin Velinov
Psychic Corrosion,"{2},{U}",3,Enchantment,"Whenever you draw a card, each opponent puts the top two cards of their library into their graveyard.",,,,U,,,legal,not_legal,m19,68,uncommon,"""To break another's mind is to deliver a fate worse than death. It is a terrifying power.""\n?Jace Beleren",Bastien L. Deharme
Psychic Symbiont,"{4},{U},{B}",6,Creature ? Nightmare Horror,"Flying\nWhen Psychic Symbiont enters the battlefield, target opponent discards a card and you draw a card.",,3,3,B,U,,legal,not_legal,m19,221,uncommon,"""I turn around and see nothing, yet I know it is behind me. Its fingers rummage in my mind, crafting new ideas.""",Robbie Trevino
Rabid Bite,"{1},{G}",2,Sorcery,Target creature you control deals damage equal to its power to target creature you don't control.,,,,G,,,legal,legal,m19,195,common,"""You should have seen the look on both their faces.""\n?Morkamp, Lambholt innkeeper",Karl Kopinski
Radiating Lightning,"{3},{R}",4,Instant,Radiating Lightning deals 3 damage to target player and 1 damage to each creature that player controls.,,,,R,,,legal,legal,m19,313,common,"As the Cabal legions pushed into Shiv, they learned not to stand so close together.",Suzanne Helmigh
Ravenous Harpy,"{2},{B}",3,Creature ? Harpy,"Flying\n{1}, Sacrifice another creature: Put a +1/+1 counter on Ravenous Harpy.",,1,2,B,,,legal,not_legal,m19,115,uncommon,"A harpy's hoard is a filthy, bloodstained pile of trinkets and corpses.",Sam Rowan
Reassembling Skeleton,"{1},{B}",2,Creature ? Skeleton Warrior,"{1},{B}: Return Reassembling Skeleton from your graveyard to the battlefield tapped.",,1,1,B,,,legal,not_legal,m19,116,uncommon,"""They may show up with the wrong thigh bone or mandible, but they always show up.""\n?Zul Ashur, lich lord",Austin Hsu
Reclamation Sage,"{2},{G}",3,Creature ? Elf Shaman,"When Reclamation Sage enters the battlefield, you may destroy target artifact or enchantment.",,2,1,G,,,legal,not_legal,m19,196,uncommon,"""What was once formed by masons, shaped by smiths, or given life by mages, I will return to the embrace of the earth.""",Christopher Moeller
Recollect,"{2},{G}",3,Sorcery,Return target card from your graveyard to your hand.,,,,G,,,legal,not_legal,m19,197,uncommon,"""The bones of the past will tell their tales?if you know how to speak their language.""",Pete Venters
Regal Bloodlord,"{3},{W},{B}",5,Creature ? Vampire Soldier,"Flying\nAt the beginning of each end step, if you gained life this turn, create a 1/1 black Bat creature token with flying.",,2,4,B,W,,legal,not_legal,m19,222,uncommon,Those of esteemed birth earn a most esteemed death.,Winona Nelson
Reliquary Tower,,0,Land,You have no maximum hand size.\n{T}: Add {C}.,,,,,,,legal,not_legal,m19,254,uncommon,The most holy treasures are kept far from unclean soil.,Jesper Ejsing
Remorseful Cleric,"{1},{W}",2,Creature ? Spirit Cleric,Flying\nSacrifice Remorseful Cleric: Exile all cards from target player's graveyard.,,2,1,W,,,legal,not_legal,m19,33,rare,A lifetime of keeping up appearances is not enough to earn an eternity of rest.,Grzegorz Rutkowski
Resplendent Angel,"{1},{W},{W}",3,Creature ? Angel,"Flying\nAt the beginning of each end step, if you gained 5 or more life this turn, create a 4/4 white Angel creature token with flying and vigilance.\n{3},{W},{W},{W}: Until end of turn, Resplendent Angel gets +2/+2 and gains lifelink.",,3,3,W,,,legal,not_legal,m19,34,mythic,,Volkan Ba?a
Revitalize,"{1},{W}",2,Instant,You gain 3 life.\nDraw a card.,,,,W,,,legal,legal,m19,35,common,"""A potion is no substitute for a skilled surgeon, but it will hold your bits in."" ?Torricks, battlefield medic",Matt Stewart
Rhox Oracle,"{4},{G}",5,Creature ? Rhino Monk,"When Rhox Oracle enters the battlefield, draw a card.",,4,2,G,,,legal,legal,m19,198,common,"""The further into the future I look, the less certain my vision. Even now, the middle distance is obscured by fire.""",Dan Scott
Riddlemaster Sphinx,"{4},{U},{U}",6,Creature ? Sphinx,"Flying\nWhen Riddlemaster Sphinx enters the battlefield, you may return target creature an opponent controls to its owner's hand.",,5,5,U,,,legal,not_legal,m19,287,rare,"""Safe passage requires only a simple answer to a simple question, traveler.""",Ryan Yee
Rise from the Grave,"{4},{B}",5,Sorcery,Put target creature card from a graveyard onto the battlefield under your control. That creature is a black Zombie in addition to its other colors and types.,,,,B,,,legal,not_legal,m19,117,uncommon,"""Death is no excuse for disobedience."" ?Liliana Vess",Kieran Yanner
Rogue's Gloves,{2},2,Artifact ? Equipment,"Whenever equipped creature deals combat damage to a player, you may draw a card.\nEquip {2} ({2}: Attach to target creature you control. Equip only as a sorcery.)",,,,,,,legal,not_legal,m19,243,uncommon,"Thievery requires subtlety, from the beginning of the heist to the end.",Cyril Van Der Haegen
Root Snare,"{1},{G}",2,Instant,Prevent all combat damage that would be dealt this turn.,,,,G,,,legal,legal,m19,199,common,"The only casualties were a snapped spear, a lost helmet, and some bruised egos.",Mitchell Malloy
Runic Armasaur,"{1},{G},{G}",3,Creature ? Dinosaur,"Whenever an opponent activates an ability of a creature or land that isn't a mana ability, you may draw a card.",,2,5,G,,,legal,not_legal,m19,200,rare,The Sun Empire's most sacred sites are protected by more than prayers.,Randy Vargas
Rupture Spire,,0,Land,"Rupture Spire enters the battlefield tapped.\nWhen Rupture Spire enters the battlefield, sacrifice it unless you pay {1}.\n{T}: Add one mana of any color.",,,,,,,legal,legal,m19,255,uncommon,,Jaime Jones
Rustwing Falcon,{W},1,Creature ? Bird,Flying,,1,2,W,,,legal,legal,m19,36,common,"Native to wide prairies and scrublands, falcons occasionally roost in dragon skeletons.",Paul Scott Canavan
"Sai, Master Thopterist","{2},{U}",3,Legendary Creature ? Human Artificer,"Whenever you cast an artifact spell, create a 1/1 colorless Thopter artifact creature token with flying.\n{1},{U}, Sacrifice two artifacts: Draw a card.",,1,4,U,,,legal,not_legal,m19,69,rare,"""Industry without artistry is just a fancy way to fill the junkyard.""",Adam Paquette
Salvager of Secrets,"{3},{U},{U}",5,Creature ? Merfolk Wizard,"When Salvager of Secrets enters the battlefield, return target instant or sorcery card from your graveyard to your hand.",,2,2,U,,,legal,legal,m19,70,common,The greatest treasure of the deep is an echo from above.,Lars Grant-West
"Sarkhan, Dragonsoul","{4},{R},{R}",6,Legendary Planeswalker ? Sarkhan,"+2: Sarkhan, Dragonsoul deals 1 damage to each opponent and each creature your opponents control.\n?3: Sarkhan, Dragonsoul deals 4 damage to target player or planeswalker.\n?9: Search your library for any number of Dragon creature cards, put them onto the battlefield, then shuffle your library.",5,,,R,,,legal,not_legal,m19,296,mythic,,Yongjae Choi
"Sarkhan, Fireblood","{1},{R},{R}",3,Legendary Planeswalker ? Sarkhan,"+1: You may discard a card. If you do, draw a card.\n+1: Add two mana in any combination of colors. Spend this mana only to cast Dragon spells.\n?7: Create four 5/5 red Dragon creature tokens with flying.",3,,,R,,,legal,not_legal,m19,154,mythic,,Grzegorz Rutkowski
Sarkhan's Dragonfire,"{3},{R},{R}",5,Sorcery,Sarkhan's Dragonfire deals 3 damage to any target.\nLook at the top five cards of your library. You may reveal a red card from among them and put it into your hand. Put the rest on the bottom of your library in a random order.,,,,R,,,legal,not_legal,m19,298,rare,"""I am most myself when I am least human.""",Daarken
Sarkhan's Unsealing,"{3},{R}",4,Enchantment,"Whenever you cast a creature spell with power 4, 5, or 6, Sarkhan's Unsealing deals 4 damage to any target.\nWhenever you cast a creature spell with power 7 or greater, Sarkhan's Unsealing deals 4 damage to each opponent and each creature and planeswalker they control.",,,,R,,,legal,not_legal,m19,155,rare,,Daarken
Sarkhan's Whelp,"{2},{R}",3,Creature ? Dragon,"Flying (This creature can't be blocked except by creatures with flying or reach.)\nWhenever you activate an ability of a Sarkhan planeswalker, Sarkhan's Whelp deals 1 damage to any target.",,2,2,R,,,legal,not_legal,m19,299,uncommon,,Craig J Spearing
Satyr Enchanter,"{1},{G},{W}",3,Creature ? Satyr Druid,"Whenever you cast an enchantment spell, draw a card.",,2,2,G,W,,legal,not_legal,m19,223,uncommon,"""The threads of magic that protect this place were woven by my will.""",Sidharth Chaturvedi
Scapeshift,"{2},{G},{G}",4,Sorcery,"Sacrifice any number of lands. Search your library for up to that many land cards, put them onto the battlefield tapped, then shuffle your library.",,,,G,,,legal,not_legal,m19,201,mythic,"""Whether we like it or not, our arrival has altered the landscape.""\n?Malcolm, navigator of the Belligerent",Daniel Ljunggren
Scholar of Stars,"{3},{U}",4,Creature ? Human Artificer,"When Scholar of Stars enters the battlefield, if you control an artifact, draw a card.",,3,2,U,,,legal,legal,m19,71,common,"""The path of the stars is as reliable as the instruments that measure them.""",Tommy Arnold
Serra's Guardian,"{4},{W},{W}",6,Creature ? Angel,Flying\nVigilance (Attacking doesn't cause this creature to tap.)\nOther creatures you control have vigilance.,,5,5,W,,,legal,not_legal,m19,284,rare,She watches over the city just as Serra watches over all.,Magali Villeneuve
Shield Mare,"{1},{W},{W}",3,Creature ? Horse,"Shield Mare can't be blocked by red creatures.\nWhen Shield Mare enters the battlefield or becomes the target of a spell or ability an opponent controls, you gain 3 life.",,2,3,W,,,legal,not_legal,m19,37,uncommon,"When it passes, order defeats chaos.",Lucas Graciano
Shivan Dragon,"{4},{R},{R}",6,Creature ? Dragon,Flying (This creature can't be blocked except by creatures with flying or reach.)\n{R}: Shivan Dragon gets +1/+0 until end of turn.,,5,5,R,,,legal,not_legal,m19,300,rare,The undisputed master of the mountains of Shiv.,Donato Giancola
Shock,{R},1,Instant,Shock deals 2 damage to any target.,,,,R,,,legal,legal,m19,156,common,The tools of invention became the weapons of revolution.,Jason Rainville
Siegebreaker Giant,"{3},{R},{R}",5,Creature ? Giant Warrior,"Trample (This creature can deal excess combat damage to the player or planeswalker it's attacking.)\n{3},{R}: Target creature can't block this turn.",,6,3,R,,,legal,not_legal,m19,157,uncommon,No rampart can withstand the fury of a giant.,Even Amundsen
Sift,"{3},{U}",4,Sorcery,"Draw three cards, then discard a card.",,,,U,,,legal,legal,m19,72,uncommon,Dwell longest on the thoughts that shine brightest.,Jeremy Jarvis
Sigiled Sword of Valeron,{3},3,Artifact ? Equipment,"Equipped creature gets +2/+0, has vigilance, and is a Knight in addition to its other types.\nWhenever equipped creature attacks, create a 2/2 white Knight creature token with vigilance that's attacking.\nEquip {3}",,,,,,,legal,not_legal,m19,244,rare,,John Stanko
Silverbeak Griffin,"{W},{W}",2,Creature ? Griffin,Flying (This creature can't be blocked except by creatures with flying or reach.),,2,2,W,,,legal,legal,m19,285,common,A pair of domesticated griffins escaped from captivity a century ago. Now the skies are filled with the songs of their descendants.,Viktor Titov
Skalla Wolf,"{3},{G},{G}",5,Creature ? Wolf Spirit,"When Skalla Wolf enters the battlefield, look at the top five cards of your library. You may reveal a green card from among them and put it into your hand. Put the rest on the bottom of your library in a random order.",,3,3,G,,,legal,not_legal,m19,303,rare,"""This imprint was the familiar of a friend.""\n?Vivien Reid",Lius Lasahido
Skeleton Archer,"{3},{B}",4,Creature ? Skeleton Archer,"When Skeleton Archer enters the battlefield, it deals 1 damage to any target.",,3,3,B,,,legal,legal,m19,118,common,"""When it comes to killing with precision, a soul is but a hindrance.""\n?Isareth the Awakener",Randy Vargas
Skilled Animator,"{2},{U}",3,Creature ? Human Artificer,"When Skilled Animator enters the battlefield, target artifact you control becomes an artifact creature with base power and toughness 5/5 for as long as Skilled Animator remains on the battlefield.",,1,3,U,,,legal,not_legal,m19,73,uncommon,,Jason A. Engle
Skymarch Bloodletter,"{2},{B}",3,Creature ? Vampire Soldier,"Flying\nWhen Skymarch Bloodletter enters the battlefield, target opponent loses 1 life and you gain 1 life.",,2,2,B,,,legal,legal,m19,119,common,"From the perpetual shadowsmoke that hung above the ship, a silent form emerged, lips curled with malice and anticipation.",Tomasz Jedruszek
Skyrider Patrol,"{2},{G},{U}",4,Creature ? Elf Scout,"Flying\nAt the beginning of combat on your turn, you may pay {G},{U}. When you do, put a +1/+1 counter on another target creature you control, and that creature gains flying until end of turn.",,2,3,G,U,,legal,not_legal,m19,224,uncommon,,Mitchell Malloy
Skyscanner,{3},3,Artifact Creature ? Thopter,"Flying\nWhen Skyscanner enters the battlefield, draw a card.",,1,1,,,,legal,legal,m19,245,common,"The municipal senate makes extensive use of the thopters, mostly to gather dirt on rival senators.",Adam Paquette
Sleep,"{2},{U},{U}",4,Sorcery,Tap all creatures target player controls. Those creatures don't untap during that player's next untap step.,,,,U,,,legal,not_legal,m19,74,uncommon,"""I give them dreams so wondrous that they hesitate to return to the world of the conscious.""\n?Garild, merfolk mage",Chris Rahn
Smelt,{R},1,Instant,Destroy target artifact.,,,,R,,,legal,legal,m19,158,common,The creation of new weapons demands the destruction of others.,Zoltan Boros
Snapping Drake,"{3},{U}",4,Creature ? Drake,Flying,,3,2,U,,,legal,legal,m19,75,common,"Foul-tempered, poorly trained, and mule-stubborn, the drake is the perfect test of the master's will.",Todd Lockwood
Sovereign's Bite,"{1},{B}",2,Sorcery,Target player loses 3 life and you gain 3 life.,,,,B,,,legal,legal,m19,120,common,"""You have given all to your kingdom, dear knight. Serenity shall be your prize.""\n?Queen Lian",Volkan Ba?a
Sparktongue Dragon,"{3},{R},{R}",5,Creature ? Dragon,"Flying\nWhen Sparktongue Dragon enters the battlefield, you may pay {2},{R}. When you do, it deals 3 damage to any target.",,3,3,R,,,legal,legal,m19,159,common,Fools believe that Kolaghan's brood follows lightning storms. The wise know that it is the other way around.,Daarken
Spit Flame,"{2},{R}",3,Instant,"Spit Flame deals 4 damage to target creature.\nWhenever a Dragon enters the battlefield under your control, you may pay {R}. If you do, return Spit Flame from your graveyard to your hand.",,,,R,,,legal,not_legal,m19,160,rare,,Chris Rahn
Star-Crowned Stag,"{3},{W}",4,Creature ? Elk,"Whenever Star-Crowned Stag attacks, tap target creature defending player controls.",,3,3,W,,,legal,legal,m19,38,common,"White as starlight on snow, it appears only on the eve of the winter solstice.",Jonathan Kuo
Stitcher's Supplier,{B},1,Creature ? Zombie,"When Stitcher's Supplier enters the battlefield or dies, put the top three cards of your library into your graveyard.",,1,1,B,,,legal,not_legal,m19,121,uncommon,No part goes to waste.,Chris Seaman
Stone Quarry,,0,Land,Stone Quarry enters the battlefield tapped.\n{T}: Add {R} or {W}.,,,,,,,legal,legal,m19,256,common,The bedrock has many gifts to give.,Efflam Mercier
Strangling Spores,"{3},{B}",4,Instant,Target creature gets -3/-3 until end of turn.,,,,B,,,legal,legal,m19,122,common,Imagine a thousand tiny mushrooms cropping up within your lungs.,Jason A. Engle
Submerged Boneyard,,0,Land,Submerged Boneyard enters the battlefield tapped.\n{T}: Add {U} or {B}.,,,,,,,legal,legal,m19,257,common,"""Long after the land has given up the last of its secrets, there will still be mysteries in the depths of the sea.""\n?Kiora",Cliff Childs
Suncleanser,"{1},{W}",2,Creature ? Human Cleric,"When Suncleanser enters the battlefield, choose one ?\n? Remove all counters from target creature. It can't have counters put on it for as long as Suncleanser remains on the battlefield.\n? Target opponent loses all counters. That player can't get counters for as long as Suncleanser remains on the battlefield.",,1,4,W,,,legal,not_legal,m19,39,rare,,Mark Zug
Sun Sentinel,"{1},{W}",2,Creature ? Human Soldier,Vigilance (Attacking doesn't cause this creature to tap.),,2,2,W,,,legal,legal,m19,307,common,"Just as the sun rises at dawn and the days lengthen in the summer, the Sun Empire has awakened after long years of quiet.",James Ryman
Supreme Phantom,"{1},{U}",2,Creature ? Spirit,Flying\nOther Spirits you control get +1/+1.,,1,3,U,,,legal,not_legal,m19,76,rare,A king's knowledge does not vanish when the heart stops beating.,Robbie Trevino
Sure Strike,"{1},{R}",2,Instant,Target creature gets +3/+0 and gains first strike until end of turn.,,,,R,,,legal,legal,m19,161,common,"To survive imminent doom, it sometimes takes a foolhardy soul who acts first and fears later.",Jakub Kasper
Surge Mare,"{U},{U}",2,Creature ? Horse Fish,"Surge Mare can't be blocked by green creatures.\nWhenever Surge Mare deals damage to an opponent, you may draw a card. If you do, discard a card.\n{1},{U}: Surge Mare gets +2/-2 until end of turn.",,0,5,U,,,legal,not_legal,m19,77,uncommon,"When it passes, waves touch the sky.",Sam Rowan
Suspicious Bookcase,{2},2,Artifact Creature ? Wall,"Defender (This creature can't attack.)\n{3}, {T}: Target creature can't be blocked this turn.",,0,4,,,,legal,not_legal,m19,246,uncommon,"All the books were dusty with disuse, save the one titled Camouflage and Its Practical Applications.",Anastasia Ovchinnikova
Swamp,,0,Basic Land ? Swamp,({T}: Add {B}.),,,,,,,legal,legal,m19,269,common,,Mike Bierek
Switcheroo,"{4},{U}",5,Sorcery,Exchange control of two target creatures.,,,,U,,,legal,not_legal,m19,78,uncommon,Say hello to your new friend.,Kev Walker
Take Vengeance,"{1},{W}",2,Sorcery,Destroy target tapped creature.,,,,W,,,legal,legal,m19,40,common,"""Your death will be a balm, your passing a welcome revision, and all will sigh with peace to know of your demise.""",Randy Vargas
Talons of Wildwood,"{1},{G}",2,Enchantment ? Aura,"Enchant creature\nEnchanted creature gets +1/+1 and has trample. (It can deal excess combat damage to the player or planeswalker it's attacking.)\n{2},{G}: Return Talons of Wildwood from your graveyard to your hand.",,,,G,,,legal,legal,m19,202,common,,Uriah Voth
Tattered Mummy,"{1},{B}",2,Creature ? Zombie Jackal,"When Tattered Mummy dies, each opponent loses 2 life.",,1,2,B,,,legal,legal,m19,295,common,The dead who wander beyond the safety of the city crave only to spread their curse.,Slawomir Maniak
Tectonic Rift,"{3},{R}",4,Sorcery,Destroy target land. Creatures without flying can't block this turn.,,,,R,,,legal,not_legal,m19,162,uncommon,"""You will kneel before me, even if I have to split the earth under your feet!""\n?Ash Kronor, Keldon warlord",John Avon
"Tezzeret, Artifice Master","{3},{U},{U}",5,Legendary Planeswalker ? Tezzeret,"+1: Create a 1/1 colorless Thopter artifact creature token with flying.\n0: Draw a card. If you control three or more artifacts, draw two cards instead.\n?9: You get an emblem with ""At the beginning of your end step, search your library for a permanent card, put it onto the battlefield, then shuffle your library.""",5,,,U,,,legal,not_legal,m19,79,mythic,,Josh Hass
"Tezzeret, Cruel Machinist","{4},{U},{U}",6,Legendary Planeswalker ? Tezzeret,"+1: Draw a card.\n0: Until your next turn, target artifact you control becomes a 5/5 creature in addition to its other types.\n?7: Put any number of cards from your hand onto the battlefield face down. They're 5/5 artifact creatures.",4,,,U,,,legal,not_legal,m19,286,mythic,,Zack Stella
Tezzeret's Gatebreaker,{4},4,Artifact,"When Tezzeret's Gatebreaker enters the battlefield, look at the top five cards of your library. You may reveal a blue or artifact card from among them and put it into your hand. Put the rest on the bottom of your library in a random order.\n{5},{U}, {T}, Sacrifice Tezzeret's Gatebreaker: Creatures you control can't be blocked this turn.",,,,,,,legal,not_legal,m19,289,rare,,Mathias Kollros
Tezzeret's Strider,{3},3,Artifact Creature ? Golem,"As long as you control a Tezzeret planeswalker, Tezzeret's Strider has menace. (It can't be blocked except by two or more creatures.)",,3,1,,,,legal,not_legal,m19,290,uncommon,"""More obedient than any dog.""\n?Tezzeret",Zack Stella
Thornhide Wolves,"{4},{G}",5,Creature ? Wolf,,,4,5,G,,,legal,legal,m19,204,common,"""Halana grew brambles to create a barricade around our camp, hoping that it would keep the wolves out. That was a mistake for which we almost paid dearly.""\n?Alena, trapper of Kessig",Scott Murphy
Thorn Lieutenant,"{1},{G}",2,Creature ? Elf Warrior,"Whenever Thorn Lieutenant becomes the target of a spell or ability an opponent controls, create a 1/1 green Elf Warrior creature token.\n{5},{G}: Thorn Lieutenant gets +4/+4 until end of turn.",,2,3,G,,,legal,not_legal,m19,203,rare,,Uriah Voth
Thud,{R},1,Sorcery,"As an additional cost to cast this spell, sacrifice a creature.\nThud deals damage equal to the sacrificed creature's power to any target.",,,,R,,,legal,not_legal,m19,163,uncommon,"""Give 'em a push.""\n?Mogwin, goblin delinquent",Kev Walker
Timber Gorge,,0,Land,Timber Gorge enters the battlefield tapped.\n{T}: Add {R} or {G}.,,,,,,,legal,legal,m19,258,common,"Tazeem's embrace is harsh, but for those that call it home, nothing else will do.",Cliff Childs
Titanic Growth,"{1},{G}",2,Instant,Target creature gets +4/+4 until end of turn.,,,,G,,,legal,legal,m19,205,common,The massive dominate through might. The tiny survive with guile. Beware the tiny who become massive.,Ryan Pancoast
Tolarian Scholar,"{2},{U}",3,Creature ? Human Wizard,,,2,3,U,,,legal,legal,m19,80,common,The Tolarian Academies embrace a tradition of study and research while discouraging the kinds of experiments that ruined the original island of Tolaria.,Sara Winters
Tormenting Voice,"{1},{R}",2,Sorcery,"As an additional cost to cast this spell, discard a card.\nDraw two cards.",,,,R,,,legal,legal,m19,164,common,"""Unwelcome thoughts crowd my mind. Are they my own madness, or the whispers of another?"" ?Sarkhan Vol",Volkan Ba?a
Totally Lost,"{4},{U}",5,Instant,Put target nonland permanent on top of its owner's library.,,,,U,,,legal,legal,m19,81,common,Fblthp had always hated crowds.,David Palumbo
Tranquil Expanse,,0,Land,Tranquil Expanse enters the battlefield tapped.\n{T}: Add {G} or {W}.,,,,,,,legal,legal,m19,259,common,Beyond the chaos of Ghirapur lies a vibrant world where aether flows through nature.,Sam Burley
Transmogrifying Wand,{3},3,Artifact,"Transmogrifying Wand enters the battlefield with three charge counters on it.\n{1}, {T}, Remove a charge counter from Transmogrifying Wand: Destroy target creature. Its controller creates a 2/4 white Ox creature token. Activate this ability only any time you could cast a sorcery.",,,,,,,legal,not_legal,m19,247,rare,,Aaron Miller
Trumpet Blast,"{2},{R}",3,Instant,Attacking creatures get +2/+0 until end of turn.,,,,R,,,legal,legal,m19,165,common,The sound of the trumpets lights a fire in the hearts of the bold and snuffs the courage of the cowardly.,Steve Prescott
Trusty Packbeast,"{2},{W}",3,Creature ? Beast,"When Trusty Packbeast enters the battlefield, return target artifact card from your graveyard to your hand.",,2,3,W,,,legal,legal,m19,41,common,"""Margaret has traveled with me to the end of the world and back.""\n?Hewen Frit, merchant",John Stanko
Two-Headed Zombie,"{3},{B}",4,Creature ? Zombie,Menace (This creature can't be blocked except by two or more creatures.),,4,2,B,,,legal,legal,m19,123,common,"""Thread the torsos together with angel hair to ensure they will cooperate in battle.""\n?The Stitcher's Tome",Josh Hass
Uncomfortable Chill,"{2},{U}",3,Instant,Creatures your opponents control get -2/-0 until end of turn.\nDraw a card.,,,,U,,,legal,legal,m19,82,common,The cold slowed their movements until only their panicked eyeballs swiveled beneath the ice.,Izzy
Ursine Champion,"{1},{G}",2,Creature ? Human Berserker,"{5},{G}: Ursine Champion gets +3/+3 and becomes a Bear Berserker until end of turn. Activate this ability only once each turn.",,2,2,G,,,legal,legal,m19,304,common,"""Would you rather feel the edge of blade or the sharpness of my fangs?""",Alex Konstad
"Vaevictis Asmadi, the Dire","{3},{B},{R},{G}",6,Legendary Creature ? Elder Dragon,"Flying\nWhenever Vaevictis Asmadi, the Dire attacks, for each player, choose target permanent that player controls. Those players sacrifice those permanents. Each player who sacrificed a permanent this way reveals the top card of their library, then puts it onto the battlefield if it's a permanent card.",,6,6,B,G,R,legal,not_legal,m19,225,mythic,,Steven Belledin
Valiant Knight,"{3},{W}",4,Creature ? Human Knight,"Other Knights you control get +1/+1.\n{3},{W},{W}: Knights you control gain double strike until end of turn.",,3,4,W,,,legal,not_legal,m19,42,rare,"""Defeat is no reason for retreat. It is a sign we must redouble our efforts to win this fight.""",Jakub Kasper
Vampire Neonate,{B},1,Creature ? Vampire,"{2}, {T}: Each opponent loses 1 life and you gain 1 life.",,0,3,B,,,legal,legal,m19,124,common,"One day, they may be paragons of deadly elegance. For the moment, they possess nothing but thirst.",Daarken
Vampire Sovereign,"{3},{B},{B}",5,Creature ? Vampire,"Flying\nWhen Vampire Sovereign enters the battlefield, target opponent loses 3 life and you gain 3 life.",,3,4,B,,,legal,not_legal,m19,125,uncommon,"""Your service shall be rewarded.""\n?Queen Lian",Volkan Ba?a
Viashino Pyromancer,"{1},{R}",2,Creature ? Viashino Wizard,"When Viashino Pyromancer enters the battlefield, it deals 2 damage to target player or planeswalker.",,2,1,R,,,legal,legal,m19,166,common,"""I trained with the Ghitu, and I respect the fire as they do.""",Jesper Ejsing
Vigilant Baloth,"{3},{G},{G}",5,Creature ? Beast,Vigilance (Attacking doesn't cause this creature to tap.),,5,5,G,,,legal,not_legal,m19,206,uncommon,Villagers employ watchdogs as guardians and companions. Druids prefer something a little bigger.,Uriah Voth
Vine Mare,"{2},{G},{G}",4,Creature ? Elemental Horse,Hexproof (This creature can't be the target of spells or abilities your opponents control.)\nVine Mare can't be blocked by black creatures.,,5,3,G,,,legal,not_legal,m19,207,uncommon,"When it passes, the dead are displaced by flourishing life.",Alex Konstad
Vivien of the Arkbow,"{4},{G},{G}",6,Legendary Planeswalker ? Vivien,+2: Put two +1/+1 counters on up to one target creature.\n?3: Target creature you control deals damage equal to its power to target creature you don't control.\n?9: Creatures you control get +4/+4 and gain trample until end of turn.,5,,,G,,,legal,not_legal,m19,301,mythic,,Magali Villeneuve
Vivien Reid,"{3},{G},{G}",5,Legendary Planeswalker ? Vivien,"+1: Look at the top four cards of your library. You may reveal a creature or land card from among them and put it into your hand. Put the rest on the bottom of your library in a random order.\n?3: Destroy target artifact, enchantment, or creature with flying.\n?8: You get an emblem with ""Creatures you control get +2/+2 and have vigilance, trample, and indestructible.""",5,,,G,,,legal,not_legal,m19,208,mythic,,Anna Steinbauer
Vivien's Invocation,"{5},{G},{G}",7,Sorcery,"Look at the top seven cards of your library. You may put a creature card from among them onto the battlefield. Put the rest on the bottom of your library in a random order. When a creature is put onto the battlefield this way, it deals damage equal to its power to target creature an opponent controls.",,,,G,,,legal,not_legal,m19,209,rare,,Johannes Voss
Vivien's Jaguar,"{2},{G}",3,Creature ? Cat Spirit,"Reach (This creature can block creatures with flying.)\n{2},{G}: Return Vivien's Jaguar from your graveyard to your hand. Activate this ability only if you control a Vivien planeswalker.",,3,2,G,,,legal,not_legal,m19,305,uncommon,Each of Vivien's arrows is an invocation of a species.,Magali Villeneuve
Volcanic Dragon,"{4},{R},{R}",6,Creature ? Dragon,Flying\nHaste (This creature can attack and {T} as soon as it comes under your control.),,4,4,R,,,legal,not_legal,m19,167,uncommon,Sometimes an eruption in Shiv produces something more dangerous than a mere river of molten rock.,Chris Rahn
Volley Veteran,"{3},{R}",4,Creature ? Goblin Warrior,"When Volley Veteran enters the battlefield, it deals damage to target creature an opponent controls equal to the number of Goblins you control.",,4,2,R,,,legal,not_legal,m19,168,uncommon,"""Fill the sky with stuff!""",Craig J Spearing
Walking Corpse,"{1},{B}",2,Creature ? Zombie,,,2,2,B,,,legal,legal,m19,126,common,"""Feeding a normal army is a problem of logistics. With zombies, it is an asset. Feeding is why they fight. Feeding is why they are feared.""\n?Jadar, ghoulcaller of Nephalia",Igor Kieryluk
Wall of Mist,"{1},{U}",2,Creature ? Wall,Defender,,0,5,U,,,legal,legal,m19,83,common,The seafloor is flecked with the bones of fools who dared sail into the mist.,Dimitar Marinski
Wall of Vines,{G},1,Creature ? Plant Wall,Defender (This creature can't attack.)\nReach (This creature can block creatures with flying.),,0,3,G,,,legal,legal,m19,210,common,"Like all jungle plants, the vines must fight and claw for sunlight. Once their place is secured, they grow strong, sharp, and impenetrable.",John Stanko
Waterknot,"{1},{U},{U}",3,Enchantment ? Aura,"Enchant creature\nWhen Waterknot enters the battlefield, tap enchanted creature.\nEnchanted creature doesn't untap during its controller's untap step.",,,,U,,,legal,legal,m19,311,common,,Wayne Reynolds
Windreader Sphinx,"{5},{U},{U}",7,Creature ? Sphinx,"Flying\nWhenever a creature with flying attacks, you may draw a card.",,3,7,U,,,legal,not_legal,m19,84,rare,"""Your mind is too filled with foolish concerns to hear the subtle whispers that the breeze brings.""",Min Yum
Woodland Stream,,0,Land,Woodland Stream enters the battlefield tapped.\n{T}: Add {G} or {U}.,,,,,,,legal,legal,m19,260,common,Waterways carve their routes through the land to reflect the paths the aether streams cut through the clouds.,Efflam Mercier
